Folder Name,File Size (bytes),Formatted Size
soto-2022,24160,23.59 KB
help,24161,23.59 KB
notes,24164,23.60 KB
carml,24165,23.60 KB
arti-website,24168,23.60 KB
torhsm-emu,24169,23.60 KB
web-community,24171,23.60 KB
wiki-community,24171,23.60 KB
torbutton-test,24171,23.60 KB
anon-ticket,24172,23.61 KB
manual-trac,24172,23.61 KB
test-triage-repo,24173,23.61 KB
support-trac,24173,23.61 KB
styleguide-trac,24176,23.61 KB
meta-trac,24176,23.61 KB
jtorctl,24177,23.61 KB
relays-trac,24178,23.61 KB
fpcentral,24179,23.61 KB
scalability-and-perf-board,24189,23.62 KB
application-services,24190,23.62 KB
tbb-windows-installer,24191,23.62 KB
trac,24192,23.62 KB
gettor-bot,24192,23.62 KB
tor-onion-proxy-library,24193,23.63 KB
onionperf-web,24193,23.63 KB
httpt,24199,23.63 KB
proxy-server-refused-connection-after-opening-external-links-on-android,24235,23.67 KB
s61-indicators,26466,25.85 KB
Whatsapp,26503,25.88 KB
torweather,26524,25.90 KB
cloudflare-unbound,26524,25.90 KB
AndroidArtiToyVPN,26664,26.04 KB
torbsd.org-legacy-www,26696,26.07 KB
gitlab-profile,26766,26.14 KB
test-push-mirror,27489,26.84 KB
gh2gl,28647,27.98 KB
my-python-learning-list,29418,28.73 KB
arti-example,29733,29.04 KB
tor-ci-coverity,29811,29.11 KB
www-roadmap,30606,29.89 KB
lox-overview,30652,29.93 KB
gitlab_proof,31309,30.58 KB
arti-doc-project-2023,31335,30.60 KB
onions-audit-scripts,31344,30.61 KB
aoc2020,31502,30.76 KB
bins,31545,30.81 KB
test_dockerhub,31920,31.17 KB
metabase,31989,31.24 KB
arti-llcrypto-bench,32229,31.47 KB
python_template_minimal,32609,31.84 KB
arti-gsoc-notes,32791,32.02 KB
tor-ci-support,33012,32.24 KB
arti-orbot-ios,33185,32.41 KB
tpo-doc,33256,32.48 KB
snowflake-manual,33279,32.50 KB
sandbox,33509,32.72 KB
onionperf-monit-config,33874,33.08 KB
arti-rpc-demo,34500,33.69 KB
gitlab-issues,34668,33.86 KB
faq,35104,34.28 KB
test1,35233,34.41 KB
test,35322,34.49 KB
experiment,35376,34.55 KB
hackweek_metrics,35480,34.65 KB
test-1-fork,35638,34.80 KB
bridgestrap-admin,35756,34.92 KB
user-study-of-tor-relay-operators-attitudes-towards-automatic-updates,35800,34.96 KB
python-learning-list,35946,35.10 KB
sponsor61-analyze,36126,35.28 KB
snowflake_systemd,36161,35.31 KB
signalbridgesbot,36504,35.65 KB
tor-library-size,36586,35.73 KB
metrics-dev,38069,37.18 KB
doc,38074,37.18 KB
ci-test,38575,37.67 KB
build-tor-browser-on-ubuntu-20.04,38602,37.70 KB
cd-cd-tests,38719,37.81 KB
cebollita,38832,37.92 KB
sponsor-61-onionperf,39438,38.51 KB
www-monthly,39700,38.77 KB
uget,40875,39.92 KB
metalsmith-lektor,41280,40.31 KB
sysmon-configuration,41761,40.78 KB
signalbot,42931,41.92 KB
py-ooniexporter,44139,43.10 KB
bridgeauth-obfs4-scanner,44971,43.92 KB
repos,45193,44.13 KB
state-of-censorship,45221,44.16 KB
freebsd-periodic,45458,44.39 KB
onbaplot,45686,44.62 KB
exit-scanner,46080,45.00 KB
tor-ci-scripts,46185,45.10 KB
metrics-bin,47449,46.34 KB
onions-on-heroku,48672,47.53 KB
weechat-mod-utils,48794,47.65 KB
gitlab-migration-utilities,49022,47.87 KB
GNR,49039,47.89 KB
tor-ci-win32,50264,49.09 KB
bridgedb-metrics-visualisation,51697,50.49 KB
trac-migration,51735,50.52 KB
terraform-onions,52336,51.11 KB
torspec-converter,52672,51.44 KB
futures-scratchpad,52782,51.54 KB
moat-shim,53123,51.88 KB
wiki-infra-archive,53419,52.17 KB
onionperf-aggregated,54724,53.44 KB
torbot,55649,54.34 KB
emmaweb,55851,54.54 KB
docker-snowflake-proxy,55876,54.57 KB
tor_dns_survey,56403,55.08 KB
logcollector-admin,56948,55.61 KB
signal-gettor,57550,56.20 KB
torm,57729,56.38 KB
tor-roadmaps-2014,58250,56.88 KB
fuzz-vs-proptest,58762,57.38 KB
licenses,60177,58.77 KB
planet,63750,62.26 KB
ci-templates,64336,62.83 KB
cebollitas,66332,64.78 KB
lox-server,66415,64.86 KB
timescaledb-docker,67198,65.62 KB
rdsys-admin,68460,66.86 KB
sw-security-policies-draft,68532,66.93 KB
www-meeting-notes,69652,68.02 KB
social-bank,69753,68.12 KB
container,70082,68.44 KB
onion-x509,70788,69.13 KB
onion-csr,71110,69.44 KB
statsd-client,72066,70.38 KB
onionperf-ansible,72467,70.77 KB
python-inifile,72644,70.94 KB
mv3-badgehelper,72707,71.00 KB
rdsys-backend-api,72971,71.26 KB
metrics-sql-tables,74990,73.23 KB
emma,75392,73.62 KB
telegram-bridge-bot,76249,74.46 KB
obfs4-checks,77590,75.77 KB
onionmasq-device-testing,77780,75.96 KB
crews_ext,78258,76.42 KB
test0012,80453,78.57 KB
torsocks-netns,82623,80.69 KB
tracing-sensitive,84019,82.05 KB
google-captcha-bypass-extension,85514,83.51 KB
monit-configuration,85860,83.85 KB
gettor-ansible,85885,83.87 KB
torpress,87451,85.40 KB
torghost,87505,85.45 KB
lektor-scss,91746,89.60 KB
httpsproxy,92752,90.58 KB
extor-static-cookie,96060,93.81 KB
onion-vim,96819,94.55 KB
balena-obfs4-bridge,96870,94.60 KB
docker-obfs4-bridge,97279,95.00 KB
analysis,99597,97.26 KB
fallbackdir,105917,103.43 KB
translation-tools,106902,104.40 KB
snowflake-server-load,109141,106.58 KB
minimailer,110560,107.97 KB
pi-hole,115067,112.37 KB
webtunnel,119346,116.55 KB
dietflake,119669,116.86 KB
calltool-2017,122254,119.39 KB
mullvad-browser-update-responses,122484,119.61 KB
wolpertinger,127123,124.14 KB
arti-client-auth,127366,124.38 KB
metrics-base,128503,125.49 KB
roid,131356,128.28 KB
hackweek,132936,129.82 KB
lektor-atom,133171,130.05 KB
geoip,133347,130.22 KB
probetest,134658,131.50 KB
lox-distributor,137009,133.80 KB
drupal2lektor,137220,134.00 KB
reproduce-tor-debian-build,137525,134.30 KB
tor-ci-reproducible,138031,134.80 KB
base,138224,134.98 KB
snowflake-simulation,138637,135.39 KB
monitoring-and-alerting,139033,135.77 KB
rust-fixed-capacity-vec,140040,136.76 KB
gimp-captcha,144071,140.69 KB
eotk-log-parser,145916,142.50 KB
container-images,146582,143.15 KB
prometheus-alerts,147646,144.19 KB
Facebook,149102,145.61 KB
triage-ops,149772,146.26 KB
tor-relay-docker,151172,147.63 KB
gitlab-migration-tool,151862,148.30 KB
anonymous-download,153789,150.18 KB
probeobserver,154669,151.04 KB
search_relay,161841,158.05 KB
lox-wasm,162568,158.76 KB
bridge-port-scan,169559,165.58 KB
onion-tex-slim,178111,173.94 KB
logcollector,180288,176.06 KB
fog,180895,176.66 KB
helper-scripts,181678,177.42 KB
python_template,183207,178.91 KB
onion-grab,188655,184.23 KB
dangerzone-webdav-processor,189195,184.76 KB
cloud,195851,191.26 KB
websocket,196487,191.88 KB
renovate-cron,198677,194.02 KB
metrics-cloud,200614,195.91 KB
okr2021-talk,204254,199.47 KB
phantombox,204324,199.54 KB
gitlab-tools,208554,203.67 KB
status-site,213608,208.60 KB
n-h_okr_2021,216473,211.40 KB
mentoring_all-hands_2022,217308,212.21 KB
snowflake-proxy-rs,223270,218.04 KB
gotor,235567,230.05 KB
policies,236873,231.32 KB
onion-mkdocs,241597,235.93 KB
conjure,247786,241.98 KB
tor-pow-equix,250548,244.68 KB
bwauthealth,259267,253.19 KB
test0001,262379,256.23 KB
pt-bundle,268023,261.74 KB
kremmidi,279934,273.37 KB
initial_jtorctl,282078,275.47 KB
jenkins-jobs,285482,278.79 KB
monitor,292367,285.51 KB
rust-pwd-grp,297860,290.88 KB
newsletter-imgs,298900,291.89 KB
snowflake-broker-log-sanitization,301342,294.28 KB
ct,308052,300.83 KB
geoip-data,311033,303.74 KB
pyptlib,319174,311.69 KB
arti-mobile-example,319547,312.06 KB
bridgestrap,324164,316.57 KB
goptlib,339393,331.44 KB
.ipynb_checkpoints,341814,333.80 KB
weechat-tormodbot,355564,347.23 KB
design,375547,366.75 KB
OnionSproutsBot,376950,368.12 KB
soto2022-slides,379220,370.33 KB
test0005,405567,396.06 KB
oniongroove,441505,431.16 KB
sponsor123-assets,446519,436.05 KB
fallback-scripts,463478,452.62 KB
doctor,473851,462.75 KB
pytorctl,492753,481.20 KB
timeline,493685,482.11 KB
bridge-distribution-tech-report,503508,491.71 KB
histo-helper,514932,502.86 KB
me,555204,542.19 KB
lox,567747,554.44 KB
docs,583454,569.78 KB
onionmasq_ankit,598491,584.46 KB
crowdin,598551,584.52 KB
tor-ci-release,609583,595.30 KB
sauteed-week,609895,595.60 KB
censorship-analysis,629395,614.64 KB
a-dummy-whatsapp-bot,641665,626.63 KB
meek,648538,633.34 KB
webext,660695,645.21 KB
erpc,665991,650.38 KB
donate-neo,673787,658.00 KB
tor-check,680537,664.59 KB
pow-scratchpad,700895,684.47 KB
ooni-exporter,750810,733.21 KB
metrics-build,753721,736.06 KB
flashflow,804873,786.01 KB
rust-derive-adhoc,816717,797.58 KB
obfsproxy,821582,802.33 KB
snowflake-mobile,832963,813.44 KB
cookiecutter-pypackage,863087,842.86 KB
obfs4,917869,896.36 KB
trunnel,942170,920.09 KB
rbm,945781,923.61 KB
lyrebird,946031,923.86 KB
exonerator,1012107,988.39 KB
onionmine,1047596,1023.04 KB
obfsproxy-legacy,1056627,1.01 MB
chutney,1099008,1.05 MB
arti-sample-project,1115122,1.06 MB
lox-rs,1223783,1.17 MB
tor-browser-update-responses,1292716,1.23 MB
onionprobe,1316992,1.26 MB
mmdebstrap,1422582,1.36 MB
paper,1472725,1.40 MB
onbasca,1489640,1.42 MB
networkstatusapi,1551770,1.48 MB
bridgestatus,1571885,1.50 MB
lobby,1588931,1.52 MB
gitlab-lobby,1612351,1.54 MB
onionmasq,1746651,1.67 MB
flashproxy,1750618,1.67 MB
collector-processing,1777865,1.70 MB
exitmap,1817756,1.73 MB
depictor,1851960,1.77 MB
wiki,1865043,1.78 MB
label-cleanup,1866525,1.78 MB
sauteed-onions,1876030,1.79 MB
torsocks,1878803,1.79 MB
CAPTCHA-Monitor-API,1902574,1.81 MB
tornettools,1959978,1.87 MB
cstate,2050344,1.96 MB
grafana-dashboards,2255043,2.15 MB
HTTP-Header-Live,2367813,2.26 MB
rdsys,2382933,2.27 MB
relayawards,2395327,2.28 MB
presentations,2568576,2.45 MB
onion-pow-example,2715929,2.59 MB
tor-browser-spec,2747807,2.62 MB
onionbalance,2877913,2.74 MB
torflow,3260425,3.11 MB
onionplan,3451618,3.29 MB
tor-weather,3507613,3.35 MB
tangible-internet-freedom,3729061,3.56 MB
lektor,3783969,3.61 MB
snowflake-webext,4041323,3.85 MB
torblocks,4087469,3.90 MB
wiki-archive,4159755,3.97 MB
CAPTCHA-Monitor-Dashboard,4479630,4.27 MB
soto2021_ccc,4529324,4.32 MB
torbrowser-overlay,4563462,4.35 MB
tor-browser-bundle-testsuite,4688746,4.47 MB
snowflake-debian,5401848,5.15 MB
onion-landing-page,5746165,5.48 MB
CAPTCHA-Monitor-Web,5842995,5.57 MB
vanguards,5872714,5.60 MB
rustandroidcallbackexample,6008581,5.73 MB
tor-launcher,6078271,5.80 MB
margot,6135470,5.85 MB
torspec-2022,6863825,6.55 MB
CAPTCHA-Monitor,7703746,7.35 MB
stfe,7837503,7.47 MB
tpa-wiki,8388657,8.00 MB
torspec,8668082,8.27 MB
foss-north-talk,9364510,8.93 MB
tpa-wiki-replica,9946175,9.49 MB
experimental-metrics-db,10111843,9.64 MB
bridgedb,10883184,10.38 MB
weblate-glossary,11277447,10.76 MB
snowflake,11333585,10.81 MB
anon_ticket,13340089,12.72 MB
torbutton,13859825,13.22 MB
bridgedb-admin,13909468,13.27 MB
teavpn2,14124237,13.47 MB
sim-results,15574883,14.85 MB
outreach,15815610,15.08 MB
onionoo,15876607,15.14 MB
tor-browser-build-2,15893701,15.16 MB
stem,15897498,15.16 MB
tor-browser-build-s131,17399111,16.59 MB
tor-browser-build,17813908,16.99 MB
onion-launchpad,17816887,16.99 MB
wiki-replica,20311703,19.37 MB
rtdsupport,20330737,19.39 MB
support,20337317,19.40 MB
sbws_nh,20778962,19.82 MB
sbws_gh,20989459,20.02 MB
descriptorParser,21205260,20.22 MB
web,21359340,20.37 MB
sbws,21506605,20.51 MB
Faster-Tor-Modified-Relay-Circuit-Selection,22699448,21.65 MB
tagtor,23013589,21.95 MB
tpoblog,24629156,23.49 MB
tor_fusion,24778405,23.63 MB
tpo-web-blog,24996075,23.84 MB
torblog,25005076,23.85 MB
sponsor-61-sims,25241804,24.07 MB
experiment_advertised_bw,25480476,24.30 MB
blog,25619356,24.43 MB
Congestion-Aware-Routing-in-Tor,26218581,25.00 MB
collector,29086232,27.74 MB
onionperf,29928304,28.54 MB
Roster,30281711,28.88 MB
arti-old,31204265,29.76 MB
metrics-web,32437192,30.93 MB
arti,32555067,31.05 MB
website,32895786,31.37 MB
newsletter,33036016,31.51 MB
research-portal,33331479,31.79 MB
translation-attic,41502164,39.58 MB
metrics-lib,42684693,40.71 MB
library,42814513,40.83 MB
dev,43104270,41.11 MB
geoip-experiments,45241907,43.15 MB
tbmanual,46841281,44.67 MB
manual,48176020,45.94 MB
research,48934828,46.67 MB
fuzzing-corpora,52627145,50.19 MB
arti-corpora,54028324,51.53 MB
gettor-web,54140350,51.63 MB
template,56568280,53.95 MB
translationpercent,56573361,53.95 MB
snowflake-graphs,57665170,54.99 MB
styleguide,59340999,56.59 MB
initial_fenix,61477193,58.63 MB
lego,65243498,62.22 MB
translation,67251949,64.14 MB
fenix-old,68603836,65.43 MB
gettor,74083535,70.65 MB
Tor_Onion_Proxy_Library,74224711,70.79 MB
community-tpo,76932678,73.37 MB
tor-android-service,85087838,81.15 MB
trafficsliver-net,89211674,85.08 MB
tor-ideas-2020,96340269,91.88 MB
tor-clone,97679946,93.15 MB
tor-2019,99443063,94.84 MB
initial-android-components,108032904,103.03 MB
visualize-metrics-data,112425169,107.22 MB
mch2022-talk,119752848,114.21 MB
tor,126010813,120.17 MB
debian-tor,126906303,121.03 MB
android-components,128567320,122.61 MB
fenix,132064743,125.95 MB
jruby_autopkgtest,133602402,127.41 MB
vpn,137366003,131.00 MB
community-new,149303600,142.39 MB
training,149388958,142.47 MB
tpocommunity,151958186,144.92 MB
community,152141961,145.09 MB
onion-tex,154117360,146.98 MB
l10n,187265448,178.59 MB
donate,201795395,192.45 MB
cccamp2023-talk,236985838,226.01 MB
www-2019,250419095,238.82 MB
webwml,250419520,238.82 MB
tpo-archive,250422050,238.82 MB
www-tpo,251877238,240.21 MB
donate-static,253542020,241.80 MB
tor-android,256040185,244.18 MB
tpo-web,259219337,247.21 MB
tpo,268612876,256.17 MB
python-website,362836654,346.03 MB
firefox-android,525916861,501.55 MB
ttapd,711071942,678.13 MB
media,1004474813,957.94 MB
tor-browser-old,5072731216,4.72 GB
mullvad-browser,6419114584,5.98 GB
tor-browser,6684741617,6.23 GB
